Timestamp,Device,IP,tcpActiveOpens,tcpCurrEstab,tcpEstabResets,tcpInSegs,tcpOutRsts,tcpOutSegs,tcpPassiveOpens,tcpRetransSegs,udpInDatagrams,udpInErrors,udpNoPorts,udpOutDatagrams,ipForwDatagrams,ipInAddrErrors,ipInDelivers,ipInDiscards,ipInReceives,ipOutNoRoutes,ipOutDiscards,ipOutRequests,icmpInDestUnreachs,icmpInEchos,icmpInMsgs,icmpOutDestUnreachs,icmpOutEchoReps,icmpOutMsgs,ifInOctets_enp0s3,ifInUcastPkts_enp0s3,ifInNUcastPkts_enp0s3,ifInDiscards_enp0s3,ifOutOctets_enp0s3,ifOutUcastPkts_enp0s3,ifOutNUcastPkts_enp0s3,ifOutDiscards_enp0s3,ifInOctets_enp0s8,ifInUcastPkts_enp0s8,ifInNUcastPkts_enp0s8,ifInDiscards_enp0s8,ifOutOctets_enp0s8,ifOutUcastPkts_enp0s8,ifOutNUcastPkts_enp0s8,ifOutDiscards_enp0s8,ifInOctets_enp0s9,ifInUcastPkts_enp0s9,ifInNUcastPkts_enp0s9,ifInDiscards_enp0s9,ifOutOctets_enp0s9,ifOutUcastPkts_enp0s9,ifOutNUcastPkts_enp0s9,ifOutDiscards_enp0s9,ifInOctets_enp0s10,ifInUcastPkts_enp0s10,ifInNUcastPkts_enp0s10,ifInDiscards_enp0s10,ifOutOctets_enp0s10,ifOutUcastPkts_enp0s10,ifOutNUcastPkts_enp0s10,ifOutDiscards_enp0s10
2026-04-08 13:19:27,device1,172.16.0.80,1394,226,1007,207721,2332,103000,15663,5836,4629,0,40,5343,0,0,204587,0,204587,0,20,102896,40,0,40,40,0,40,24802626,202528,0,0,19383488,103140,0,0,0,0,0,0,0,0,0,0,0,0,0,0,0,0,0,0,0,0,0,0,0,0,0,0
2026-04-08 13:19:27,device2,172.16.0.1,5,0,1,568,7,458,0,0,2903,0,40,2942,588558,0,3553,0,592113,0,20,3442,40,0,40,40,0,40,699839463,481829,7,0,6864232,90228,0,0,31625390,289509,0,0,961139373,521286,0,0,21651038,132129,0,0,182653960,287586,0,0,0,0,0,0,0,0,0,0
2026-04-08 13:19:27,device3,10.0.0.1,4,0,1,152,1,145,0,0,3184,0,40,4087,529151,0,3420,0,532578,0,20,4288,40,0,40,44,0,44,618109109,521149,0,0,31657624,289914,0,0,4841003,76598,0,0,928122628,409497,0,0,25314566,208922,0,0,34071409,109233,0,0,0,0,0,0,0,0,0,0
2026-04-08 13:19:27,device4,192.168.10.10,309,0,1,134500,109,70906,0,23,6123,0,72,6274,0,0,140890,0,140890,0,20,77396,193,0,193,191,0,191,590487130,408806,0,0,4845029,76661,0,0,0,0,0,0,0,0,0,0,0,0,0,0,0,0,0,0,0,0,0,0,0,0,0,0
2026-04-08 13:19:27,device5,192.168.20.10,20321,228,295,98315,16114,120711,0,82514,5936,0,66,6037,0,0,104441,0,104441,0,20,209384,121,0,121,119,0,119,26987855,109055,0,0,25337012,209175,0,0,0,0,0,0,0,0,0,0,0,0,0,0,0,0,0,0,0,0,0,0,0,0,0,0
2026-04-08 13:19:43,device1,172.16.0.80,1396,311,1007,208502,2332,103619,15834,5849,4693,0,40,5409,0,0,205432,0,205432,0,20,103588,40,0,40,40,0,40,24893157,203414,0,0,19513489,103882,0,0,0,0,0,0,0,0,0,0,0,0,0,0,0,0,0,0,0,0,0,0,0,0,0,0
2026-04-08 13:19:43,device2,172.16.0.1,5,0,1,568,7,458,0,0,2961,0,40,3000,590558,0,3611,0,594171,0,20,3500,40,0,40,40,0,40,699839523,481830,7,0,6864676,90234,0,0,31737663,290636,0,0,961304905,522248,0,0,21805954,133173,0,0,182771436,288773,0,0,0,0,0,0,0,0,0,0
2026-04-08 13:19:43,device3,10.0.0.1,4,0,1,152,1,145,0,0,3247,0,40,4150,530997,0,3483,0,534487,0,20,4351,40,0,40,44,0,44,618240763,522071,0,0,31766655,291002,0,0,4851111,76714,0,0,928132772,409615,0,0,25407728,209828,0,0,34199299,109977,0,0,0,0,0,0,0,0,0,0
2026-04-08 13:19:43,device4,192.168.10.10,309,0,1,134500,109,70906,0,23,6238,0,72,6389,0,0,141005,0,141005,0,20,77511,193,0,193,191,0,191,590502112,408980,0,0,4860191,76835,0,0,0,0,0,0,0,0,0,0,0,0,0,0,0,0,0,0,0,0,0,0,0,0,0,0
2026-04-08 13:19:43,device5,192.168.20.10,20490,309,295,98917,16123,121483,0,82514,6051,0,66,6152,0,0,105162,0,105162,0,20,210269,121,0,121,119,0,119,27116777,109790,0,0,25425662,210054,0,0,0,0,0,0,0,0,0,0,0,0,0,0,0,0,0,0,0,0,0,0,0,0,0,0
2026-04-08 13:19:58,device1,172.16.0.80,1396,349,1007,209765,2332,104721,16011,5851,4756,0,40,5478,0,0,206758,0,206758,0,20,104744,40,0,40,40,0,40,25019468,204725,0,0,19706187,105051,0,0,0,0,0,0,0,0,0,0,0,0,0,0,0,0,0,0,0,0,0,0,0,0,0,0
2026-04-08 13:19:58,device2,172.16.0.1,5,0,1,568,7,458,0,0,3019,0,40,3058,593513,0,3669,0,597184,0,20,3558,40,0,40,40,0,40,699839523,481830,7,0,6864898,90237,0,0,31883239,292172,0,0,961539444,523637,0,0,22023133,134631,0,0,182922095,290367,0,0,0,0,0,0,0,0,0,0
2026-04-08 13:19:58,device3,10.0.0.1,4,0,1,152,1,145,0,0,3311,0,40,4214,533816,0,3547,0,537370,0,20,4415,40,0,40,44,0,44,618450190,523466,0,0,31915101,292554,0,0,4861279,76831,0,0,928142898,409733,0,0,25540237,211197,0,0,34416323,111191,0,0,0,0,0,0,0,0,0,0
2026-04-08 13:19:58,device4,192.168.10.10,309,0,1,134500,109,70906,0,23,6355,0,72,6506,0,0,141122,0,141122,0,20,77628,193,0,193,191,0,191,590507166,409039,0,0,4865305,76982,0,0,0,0,0,0,0,0,0,0,0,0,0,0,0,0,0,0,0,0,0,0,0,0,0,0
2026-04-08 13:19:58,device5,192.168.20.10,20669,348,295,100004,16142,122749,0,82514,6167,0,66,6268,0,0,106361,0,106361,0,20,211652,121,0,121,119,0,119,27288393,110977,0,0,25561843,211421,0,0,0,0,0,0,0,0,0,0,0,0,0,0,0,0,0,0,0,0,0,0,0,0,0,0
2026-04-08 13:20:13,device1,172.16.0.80,1401,407,1007,210602,2334,105411,16177,5865,4821,0,40,5543,0,0,207658,0,207658,0,20,105495,40,0,40,40,0,40,25106434,205582,0,0,19835613,105771,0,0,0,0,0,0,0,0,0,0,0,0,0,0,0,0,0,0,0,0,0,0,0,0,0,0
2026-04-08 13:20:13,device2,172.16.0.1,5,0,1,568,7,458,0,0,3077,0,40,3116,595994,0,3726,0,599722,0,20,3615,40,0,40,40,0,40,700208628,482126,7,0,6911891,90433,0,0,32038747,293471,0,0,962264882,524886,0,0,22189734,135659,0,0,183035813,291530,0,0,0,0,0,0,0,0,0,0
2026-04-08 13:20:13,device3,10.0.0.1,4,0,1,152,1,145,0,0,3378,0,40,4306,536138,0,3617,0,539762,0,20,4507,40,0,40,44,0,44,618984836,524735,0,0,32071593,293873,0,0,4878874,77055,0,0,928488459,410033,0,0,25638363,212201,0,0,34796145,112100,0,0,0,0,0,0,0,0,0,0
2026-04-08 13:20:13,device4,192.168.10.10,313,1,1,134606,111,71013,0,23,6482,0,72,6633,0,0,141355,0,141355,0,20,77862,193,0,193,191,0,191,590749565,409395,0,0,4887954,77176,0,0,0,0,0,0,0,0,0,0,0,0,0,0,0,0,0,0,0,0,0,0,0,0,0,0
2026-04-08 13:20:13,device5,192.168.20.10,20835,403,295,100765,16162,123666,0,82514,6287,0,66,6388,0,0,107252,0,107252,0,20,212691,121,0,121,119,0,119,27604873,111995,0,0,25668279,212540,0,0,0,0,0,0,0,0,0,0,0,0,0,0,0,0,0,0,0,0,0,0,0,0,0,0
2026-04-08 13:20:28,device1,172.16.0.80,1402,461,1007,211415,2334,106074,16340,5877,4886,0,40,5608,0,0,208537,0,208537,0,20,106228,40,0,40,40,0,40,25198402,206476,0,0,19967145,106514,0,0,0,0,0,0,0,0,0,0,0,0,0,0,0,0,0,0,0,0,0,0,0,0,0,0
2026-04-08 13:20:28,device2,172.16.0.1,5,0,1,568,7,458,0,0,3135,0,40,3174,598067,0,3784,0,601853,0,20,3673,40,0,40,40,0,40,700208762,482126,8,0,6912071,90435,0,0,32154511,294636,0,0,962422851,525878,0,0,22342273,136725,0,0,183156780,292755,0,0,0,0,0,0,0,0,0,0
2026-04-08 13:20:28,device3,10.0.0.1,4,0,1,152,1,145,0,0,3442,0,40,4370,538052,0,3680,0,541739,0,20,4571,40,0,40,44,0,44,619120519,525662,0,0,32179757,294961,0,0,4888982,77171,0,0,928498525,410150,0,0,25730649,213107,0,0,34927899,112847,0,0,0,0,0,0,0,0,0,0
2026-04-08 13:20:28,device4,192.168.10.10,313,1,1,134606,111,71013,0,23,6599,0,72,6750,0,0,141472,0,141472,0,20,77979,193,0,193,191,0,191,590771073,409520,0,0,4898326,77296,0,0,0,0,0,0,0,0,0,0,0,0,0,0,0,0,0,0,0,0,0,0,0,0,0,0
2026-04-08 13:20:28,device5,192.168.20.10,20998,454,295,101403,16170,124471,0,82514,6396,0,66,6497,0,0,107995,0,107995,0,20,213603,121,0,121,119,0,119,27746159,112726,0,0,25754109,213403,0,0,0,0,0,0,0,0,0,0,0,0,0,0,0,0,0,0,0,0,0,0,0,0,0,0
2026-04-08 13:20:43,device1,172.16.0.80,1403,488,1007,212596,2334,107145,16469,5883,4950,0,40,5674,0,0,209785,0,209785,0,20,107349,40,0,40,40,0,40,25319341,207740,0,0,20152977,107682,0,0,0,0,0,0,0,0,0,0,0,0,0,0,0,0,0,0,0,0,0,0,0,0,0,0
2026-04-08 13:20:43,device2,172.16.0.1,5,0,1,568,7,458,0,0,3192,0,40,3231,600946,0,3842,0,604790,0,20,3731,40,0,40,40,0,40,700208762,482126,8,0,6912071,90435,0,0,32300928,296183,0,0,962660894,527262,0,0,22551302,138177,0,0,183302797,294302,0,0,0,0,0,0,0,0,0,0
2026-04-08 13:20:43,device3,10.0.0.1,4,0,1,152,1,145,0,0,3508,0,40,4436,540792,0,3745,0,544544,0,20,4637,40,0,40,44,0,44,619325262,527046,0,0,32326092,296509,0,0,4899354,77291,0,0,928528877,410277,0,0,25860707,214467,0,0,35131697,114042,0,0,0,0,0,0,0,0,0,0
2026-04-08 13:20:43,device4,192.168.10.10,313,0,1,134609,111,71017,0,23,6715,0,72,6866,0,0,141591,0,141591,0,20,78099,193,0,193,191,0,191,590781061,409636,0,0,4908434,77412,0,0,0,0,0,0,0,0,0,0,0,0,0,0,0,0,0,0,0,0,0,0,0,0,0,0
2026-04-08 13:20:43,device5,192.168.20.10,21128,481,295,102440,16183,125638,0,82572,6512,0,66,6613,0,0,109142,0,109142,0,20,214948,121,0,121,119,0,119,27897145,113857,0,0,25882123,214713,0,0,0,0,0,0,0,0,0,0,0,0,0,0,0,0,0,0,0,0,0,0,0,0,0,0
2026-04-08 13:20:58,device1,172.16.0.80,1403,506,1007,213542,2334,107946,16634,5883,5014,0,40,5743,0,0,210792,0,210792,0,20,108197,40,0,40,40,0,40,25407931,208665,0,0,20317207,108481,0,0,0,0,0,0,0,0,0,0,0,0,0,0,0,0,0,0,0,0,0,0,0,0,0,0
2026-04-08 13:20:58,device2,172.16.0.1,5,0,1,568,7,458,0,0,3251,0,40,3290,603260,0,3901,0,607163,0,20,3790,40,0,40,40,0,40,700208762,482126,8,0,6912071,90435,0,0,32417367,297417,0,0,962893083,528355,0,0,22759955,139334,0,0,183424379,295595,0,0,0,0,0,0,0,0,0,0
2026-04-08 13:20:58,device3,10.0.0.1,4,0,1,152,1,145,0,0,3573,0,40,4501,542969,0,3809,0,546785,0,20,4702,40,0,40,44,0,44,619529699,528143,0,0,32442135,297745,0,0,4909522,77408,0,0,928539003,410395,0,0,25960871,215521,0,0,35349583,114959,0,0,0,0,0,0,0,0,0,0
2026-04-08 13:20:58,device4,192.168.10.10,313,0,1,134609,111,71017,0,23,6831,0,72,6982,0,0,141710,0,141710,0,20,78215,193,0,193,191,0,191,590791109,409753,0,0,4918602,77529,0,0,0,0,0,0,0,0,0,0,0,0,0,0,0,0,0,0,0,0,0,0,0,0,0,0
2026-04-08 13:20:58,device5,192.168.20.10,21291,497,295,103213,16203,126575,0,82572,6627,0,66,6728,0,0,110031,0,110031,0,20,215996,121,0,121,119,0,119,28065489,114723,0,0,25979453,215721,0,0,0,0,0,0,0,0,0,0,0,0,0,0,0,0,0,0,0,0,0,0,0,0,0,0
2026-04-08 13:21:14,device1,172.16.0.80,1407,542,1007,214281,2336,108561,16774,5891,5078,0,40,5808,0,0,211599,0,211599,0,20,108877,40,0,40,40,0,40,25488633,209482,0,0,20460101,109184,0,0,0,0,0,0,0,0,0,0,0,0,0,0,0,0,0,0,0,0,0,0,0,0,0,0
2026-04-08 13:21:14,device2,172.16.0.1,5,0,1,568,7,458,0,0,3309,0,40,3348,605544,0,3958,0,609504,0,20,3847,40,0,40,40,0,40,700451285,482353,8,0,6970685,90617,0,0,32575972,298628,0,0,963417101,529486,0,0,22912392,140315,0,0,183530105,296691,0,0,0,0,0,0,0,0,0,0
2026-04-08 13:21:14,device3,10.0.0.1,4,0,1,152,1,145,0,0,3638,0,40,4600,545073,0,3875,0,548955,0,20,4801,40,0,40,44,0,44,619915665,529264,0,0,32600236,298948,0,0,4926092,77599,0,0,928698860,410624,0,0,26049577,216431,0,0,35705797,115789,0,0,0,0,0,0,0,0,0,0
2026-04-08 13:21:14,device4,192.168.10.10,318,1,1,134686,111,71092,0,23,7013,0,72,7164,0,0,141972,0,141972,0,20,78472,193,0,193,191,0,191,590901935,409981,0,0,4935259,77721,0,0,0,0,0,0,0,0,0,0,0,0,0,0,0,0,0,0,0,0,0,0,0,0,0,0
2026-04-08 13:21:14,device5,192.168.20.10,21507,554,295,104188,16227,127763,0,82572,6805,0,66,6906,0,0,111182,0,111182,0,20,217361,121,0,121,119,0,119,28405061,115849,0,0,26100359,216975,0,0,0,0,0,0,0,0,0,0,0,0,0,0,0,0,0,0,0,0,0,0,0,0,0,0
2026-04-08 13:21:29,device1,172.16.0.80,1408,635,1007,215169,2336,109278,16966,5901,5142,0,40,5872,0,0,212550,0,212550,0,20,109643,40,0,40,40,0,40,25580403,210354,0,0,20580101,109891,0,0,0,0,0,0,0,0,0,0,0,0,0,0,0,0,0,0,0,0,0,0,0,0,0,0
2026-04-08 13:21:29,device2,172.16.0.1,5,0,1,568,7,458,0,0,3366,0,40,3405,607725,0,4016,0,611743,0,20,3905,40,0,40,40,0,40,700451345,482354,8,0,6971203,90624,0,0,32690511,299770,0,0,963599134,530458,0,0,23077707,141365,0,0,183649775,297892,0,0,0,0,0,0,0,0,0,0
2026-04-08 13:21:29,device3,10.0.0.1,4,0,1,152,1,145,0,0,3703,0,40,4665,547109,0,3939,0,551055,0,20,4866,40,0,40,44,0,44,620060084,530212,0,0,32713597,300069,0,0,4936200,77715,0,0,928708926,410741,0,0,26147119,217371,0,0,35852139,116558,0,0,0,0,0,0,0,0,0,0
2026-04-08 13:21:29,device4,192.168.10.10,318,1,1,134686,111,71092,0,23,7071,0,72,7222,0,0,142024,0,142024,0,20,78530,193,0,193,191,0,191,590906844,410038,0,0,4940226,77778,0,0,0,0,0,0,0,0,0,0,0,0,0,0,0,0,0,0,0,0,0,0,0,0,0,0
2026-04-08 13:21:29,device5,192.168.20.10,21624,622,295,104579,16241,128271,0,82572,6863,0,66,6964,0,0,111632,0,111632,0,20,217928,121,0,121,119,0,119,28491555,116308,0,0,26160457,217541,0,0,0,0,0,0,0,0,0,0,0,0,0,0,0,0,0,0,0,0,0,0,0,0,0,0
2026-04-08 13:21:44,device1,172.16.0.80,1410,658,1007,216519,2336,110509,17097,5913,5206,0,40,5938,0,0,213964,0,213964,0,20,110943,40,0,40,40,0,40,25722458,211857,0,0,20794371,111298,0,0,0,0,0,0,0,0,0,0,0,0,0,0,0,0,0,0,0,0,0,0,0,0,0,0
2026-04-08 13:21:44,device2,172.16.0.1,5,0,1,568,7,458,0,0,3423,0,40,3462,610961,0,4074,0,615037,0,20,3963,40,0,40,40,0,40,700451405,482355,8,0,6971425,90627,0,0,32854741,301504,0,0,963831449,532023,0,0,23293258,143007,0,0,183814025,299632,0,0,0,0,0,0,0,0,0,0
2026-04-08 13:21:44,device3,10.0.0.1,4,0,1,152,1,145,0,0,3766,0,40,4728,550192,0,4003,0,554202,0,20,4929,40,0,40,44,0,44,620286273,531811,0,0,32879899,301837,0,0,4946308,77831,0,0,928719070,410859,0,0,26297519,218956,0,0,36091909,117978,0,0,0,0,0,0,0,0,0,0
2026-04-08 13:21:44,device4,192.168.10.10,318,1,1,134686,111,71092,0,23,7187,0,72,7338,0,0,142140,0,142140,0,20,78646,193,0,193,191,0,191,590921826,410212,0,0,4955388,77952,0,0,0,0,0,0,0,0,0,0,0,0,0,0,0,0,0,0,0,0,0,0,0,0,0,0
2026-04-08 13:21:44,device5,192.168.20.10,21757,646,295,105793,16254,129618,0,82627,6980,0,66,7081,0,0,112965,0,112965,0,20,219447,121,0,121,119,0,119,28686995,117806,0,0,26327779,219278,0,0,0,0,0,0,0,0,0,0,0,0,0,0,0,0,0,0,0,0,0,0,0,0,0,0
2026-04-08 13:21:59,device1,172.16.0.80,1410,608,1007,217451,2336,111219,17203,5915,5270,0,40,6008,0,0,214958,0,214958,0,20,111691,40,0,40,40,0,40,25822716,212836,0,0,20969063,112036,0,0,0,0,0,0,0,0,0,0,0,0,0,0,0,0,0,0,0,0,0,0,0,0,0,0
2026-04-08 13:21:59,device2,172.16.0.1,5,0,1,568,7,458,0,0,3483,0,40,3522,613207,0,4133,0,617342,0,20,4021,40,0,40,40,0,40,700451405,482355,8,0,6972017,90635,0,0,32973370,302722,0,0,964074095,533005,0,0,23501697,144065,0,0,183937824,300909,0,0,0,0,0,0,0,0,0,0
2026-04-08 13:21:59,device3,10.0.0.1,4,0,1,152,1,145,0,0,3829,0,40,4791,552294,0,4070,0,556371,0,20,4993,40,0,40,44,0,44,620484711,532781,0,0,32998798,303048,0,0,4956800,77953,0,0,928749464,410987,0,0,26400303,220289,0,0,36295197,118759,0,0,0,0,0,0,0,0,0,0
2026-04-08 13:21:59,device4,192.168.10.10,323,1,1,134761,111,71165,0,23,7369,0,72,7520,0,0,142396,0,142396,0,20,78900,193,0,193,191,0,191,591043327,410445,0,0,4971874,78143,0,0,0,0,0,0,0,0,0,0,0,0,0,0,0,0,0,0,0,0,0,0,0,0,0,0
2026-04-08 13:21:59,device5,192.168.20.10,21919,639,295,106670,16281,130657,0,82773,7158,0,66,7259,0,0,114041,0,114041,0,20,220810,121,0,121,119,0,119,28967387,118720,0,0,26435424,220370,0,0,0,0,0,0,0,0,0,0,0,0,0,0,0,0,0,0,0,0,0,0,0,0,0,0
2026-04-08 13:22:14,device1,172.16.0.80,1415,655,1007,218306,2338,111828,17344,5929,5334,0,40,6072,0,0,215878,0,215878,0,20,112366,40,0,40,40,0,40,25901304,213616,0,0,21083777,112634,0,0,0,0,0,0,0,0,0,0,0,0,0,0,0,0,0,0,0,0,0,0,0,0,0,0
2026-04-08 13:22:14,device2,172.16.0.1,5,0,1,568,7,458,0,0,3542,0,40,3581,615478,0,4192,0,619672,0,20,4081,40,0,40,40,0,40,700642844,482541,8,0,7000278,90772,0,0,33116109,304013,0,0,964542051,534115,0,0,23668468,145075,0,0,184058217,302133,0,0,0,0,0,0,0,0,0,0
2026-04-08 13:22:14,device3,10.0.0.1,4,0,1,152,1,145,0,0,3895,0,40,4870,554410,0,4131,0,558548,0,20,5071,40,0,40,44,0,44,620824785,533867,0,0,33135087,304299,0,0,4972902,78138,0,0,928908441,411211,0,0,26496628,220968,0,0,36582039,119561,0,0,0,0,0,0,0,0,0,0
2026-04-08 13:22:14,device4,192.168.10.10,323,1,1,134761,111,71165,0,23,7427,0,72,7578,0,0,142455,0,142455,0,20,78959,193,0,193,191,0,191,591053315,410561,0,0,4981982,78259,0,0,0,0,0,0,0,0,0,0,0,0,0,0,0,0,0,0,0,0,0,0,0,0,0,0
2026-04-08 13:22:14,device5,192.168.20.10,22013,644,295,107105,16290,131187,0,82885,7216,0,66,7317,0,0,114514,0,114514,0,20,221514,121,0,121,119,0,119,29105327,119435,0,0,26532338,221329,0,0,0,0,0,0,0,0,0,0,0,0,0,0,0,0,0,0,0,0,0,0,0,0,0,0
2026-04-08 13:22:29,device1,172.16.0.80,1416,659,1007,219895,2338,112925,17431,5941,5397,0,40,6135,0,0,217528,0,217528,0,20,113530,40,0,40,40,0,40,26053683,215189,0,0,21253327,113902,0,0,0,0,0,0,0,0,0,0,0,0,0,0,0,0,0,0,0,0,0,0,0,0,0,0
2026-04-08 13:22:29,device2,172.16.0.1,5,0,1,568,7,458,0,0,3600,0,40,3639,618728,0,4249,0,622979,0,20,4138,40,0,40,40,0,40,700642904,482542,8,0,7000426,90774,0,0,33280099,305743,0,0,964711600,535466,0,0,23832481,146498,0,0,184227290,303921,0,0,0,0,0,0,0,0,0,0
2026-04-08 13:22:29,device3,10.0.0.1,4,0,1,152,1,145,0,0,3954,0,40,4929,557512,0,4189,0,561708,0,20,5129,40,0,40,44,0,44,620995500,535252,0,0,33303799,306051,0,0,4982031,78243,0,0,928917547,411317,0,0,26650903,222554,0,0,36756039,120782,0,0,0,0,0,0,0,0,0,0
2026-04-08 13:22:29,device4,192.168.10.10,323,1,1,134761,111,71165,0,23,7531,0,72,7682,0,0,142560,0,142560,0,20,79063,193,0,193,191,0,191,591062343,410666,0,0,4991111,78364,0,0,0,0,0,0,0,0,0,0,0,0,0,0,0,0,0,0,0,0,0,0,0,0,0,0
2026-04-08 13:22:29,device5,192.168.20.10,22154,674,295,108205,16298,132456,0,83242,7332,0,66,7433,0,0,115725,0,115725,0,20,223251,121,0,121,119,0,119,29258533,120714,0,0,26734509,223240,0,0,0,0,0,0,0,0,0,0,0,0,0,0,0,0,0,0,0,0,0,0,0,0,0,0
2026-04-08 13:22:44,device1,172.16.0.80,1418,662,1007,221304,2338,113620,17568,5964,5462,0,40,6202,0,0,219006,0,219006,0,20,114295,40,0,40,40,0,40,26240789,216823,0,0,21450101,114765,0,0,0,0,0,0,0,0,0,0,0,0,0,0,0,0,0,0,0,0,0,0,0,0,0,0
2026-04-08 13:22:44,device2,172.16.0.1,5,0,1,568,7,458,0,0,3657,0,40,3696,621435,0,4307,0,625744,0,20,4196,40,0,40,40,0,40,700642904,482542,8,0,7000426,90774,0,0,33482713,307546,0,0,964900797,536488,0,0,24048006,147622,0,0,184434987,305782,0,0,0,0,0,0,0,0,0,0
2026-04-08 13:22:44,device3,10.0.0.1,4,0,1,152,1,145,0,0,4019,0,40,4994,560058,0,4257,0,564322,0,20,5194,40,0,40,44,0,44,621170049,536286,0,0,33508437,307878,0,0,4992139,78359,0,0,928927691,411435,0,0,26839525,224197,0,0,36932469,121636,0,0,0,0,0,0,0,0,0,0
2026-04-08 13:22:44,device4,192.168.10.10,323,1,1,134761,111,71165,0,23,7647,0,72,7798,0,0,142675,0,142675,0,20,79179,193,0,193,191,0,191,591072331,410782,0,0,5001219,78480,0,0,0,0,0,0,0,0,0,0,0,0,0,0,0,0,0,0,0,0,0,0,0,0,0,0
2026-04-08 13:22:44,device5,192.168.20.10,22318,664,295,108851,16310,133257,0,83812,7448,0,66,7549,0,0,116495,0,116495,0,20,224741,121,0,121,119,0,119,29390401,121395,0,0,26883637,224705,0,0,0,0,0,0,0,0,0,0,0,0,0,0,0,0,0,0,0,0,0,0,0,0,0,0
2026-04-08 13:22:59,device1,172.16.0.80,1418,662,1007,222942,2338,114281,17692,5982,5525,0,40,6271,0,0,220703,0,220703,0,20,115026,40,0,40,40,0,40,26421693,218376,0,0,21581723,115355,0,0,0,0,0,0,0,0,0,0,0,0,0,0,0,0,0,0,0,0,0,0,0,0,0,0
2026-04-08 13:22:59,device2,172.16.0.1,5,0,1,568,7,458,0,0,3716,0,40,3755,624331,0,4366,0,628699,0,20,4255,40,0,40,40,0,40,700642904,482542,8,0,7000426,90774,0,0,33693822,309414,0,0,965019610,537347,0,0,24222371,148586,0,0,184651239,307709,0,0,0,0,0,0,0,0,0,0
2026-04-08 13:22:59,device3,10.0.0.1,4,0,1,152,1,145,0,0,4083,0,40,5058,562788,0,4320,0,567115,0,20,5259,40,0,40,44,0,44,621281058,537115,0,0,33717304,309727,0,0,5002367,78477,0,0,928937877,411554,0,0,27032575,225865,0,0,37028027,122286,0,0,0,0,0,0,0,0,0,0
2026-04-08 13:22:59,device4,192.168.10.10,323,1,1,134761,111,71165,0,23,7763,0,72,7914,0,0,142792,0,142792,0,20,79295,193,0,193,191,0,191,591096552,410926,0,0,5013876,78622,0,0,0,0,0,0,0,0,0,0,0,0,0,0,0,0,0,0,0,0,0,0,0,0,0,0
2026-04-08 13:22:59,device5,192.168.20.10,22445,681,295,109478,16310,134028,0,84679,7564,0,66,7665,0,0,117232,0,117232,0,20,226493,121,0,121,119,0,119,29671536,122364,0,0,27102777,226544,0,0,0,0,0,0,0,0,0,0,0,0,0,0,0,0,0,0,0,0,0,0,0,0,0,0
2026-04-08 13:23:14,device1,172.16.0.80,1423,659,1007,224973,2340,115556,17802,6041,5590,0,40,6336,0,0,222804,0,222804,0,20,116376,40,0,40,40,0,40,26640202,220792,0,0,21894270,116914,0,0,0,0,0,0,0,0,0,0,0,0,0,0,0,0,0,0,0,0,0,0,0,0,0,0
2026-04-08 13:23:14,device2,172.16.0.1,5,0,1,568,7,458,0,0,3774,0,40,3813,628570,0,4424,0,632996,0,20,4313,40,0,40,40,0,40,701011461,482832,8,0,7016209,90936,0,0,33951311,311875,0,0,965766698,539125,0,0,24507756,150222,0,0,184898148,310068,0,0,0,0,0,0,0,0,0,0
2026-04-08 13:23:14,device3,10.0.0.1,4,0,1,152,1,145,0,0,4147,0,40,5126,566825,0,4383,0,571215,0,20,5327,40,0,40,44,0,44,621833322,538889,0,0,33970557,312161,0,0,5019812,78698,0,0,929302227,411863,0,0,27257842,228006,0,0,37407998,123689,0,0,0,0,0,0,0,0,0,0
2026-04-08 13:23:14,device4,192.168.10.10,327,1,1,134872,113,71270,0,23,7883,0,72,8034,0,0,143021,0,143021,0,20,79519,193,0,193,191,0,191,591331445,411208,0,0,5028952,78820,0,0,0,0,0,0,0,0,0,0,0,0,0,0,0,0,0,0,0,0,0,0,0,0,0,0
2026-04-08 13:23:14,device5,192.168.20.10,22586,696,295,110771,16316,135478,0,85336,7684,0,66,7785,0,0,118644,0,118644,0,20,228720,121,0,121,119,0,119,29823562,123688,0,0,27340266,228743,0,0,0,0,0,0,0,0,0,0,0,0,0,0,0,0,0,0,0,0,0,0,0,0,0,0
2026-04-08 13:23:29,device1,172.16.0.80,1424,662,1007,226097,2340,116020,17885,6084,5654,0,40,6400,0,0,223987,0,223987,0,20,116930,40,0,40,40,0,40,26801134,221791,0,0,22015897,117411,0,0,0,0,0,0,0,0,0,0,0,0,0,0,0,0,0,0,0,0,0,0,0,0,0,0
2026-04-08 13:23:29,device2,172.16.0.1,5,0,1,568,7,458,0,0,3831,0,40,3870,630771,0,4481,0,635254,0,20,4370,40,0,40,40,0,40,701011461,482832,8,0,7016209,90936,0,0,34121848,313389,0,0,965876659,539953,0,0,24692401,151169,0,0,185073768,311640,0,0,0,0,0,0,0,0,0,0
2026-04-08 13:23:29,device3,10.0.0.1,4,0,1,152,1,145,0,0,4212,0,40,5191,568845,0,4448,0,573300,0,20,5391,40,0,40,44,0,44,621946235,539739,0,0,34147626,313718,0,0,5029980,78815,0,0,929312353,411981,0,0,27419146,229382,0,0,37505512,124360,0,0,0,0,0,0,0,0,0,0
2026-04-08 13:23:29,device4,192.168.10.10,327,1,1,134872,113,71270,0,23,7999,0,72,8150,0,0,143143,0,143143,0,20,79636,193,0,193,191,0,191,591341773,411328,0,0,5039147,78937,0,0,0,0,0,0,0,0,0,0,0,0,0,0,0,0,0,0,0,0,0,0,0,0,0,0
2026-04-08 13:23:29,device5,192.168.20.10,22691,722,295,111193,16316,136033,0,85872,7799,0,66,7900,0,0,119184,0,119184,0,20,229926,121,0,121,119,0,119,29888134,124158,0,0,27459214,229752,0,0,0,0,0,0,0,0,0,0,0,0,0,0,0,0,0,0,0,0,0,0,0,0,0,0
2026-04-08 13:23:45,device1,172.16.0.80,1425,662,1007,227664,2340,116815,18035,6137,5717,0,40,6465,0,0,225617,0,225617,0,20,117810,40,0,40,40,0,40,27005137,223554,0,0,22224125,118332,0,0,0,0,0,0,0,0,0,0,0,0,0,0,0,0,0,0,0,0,0,0,0,0,0,0
2026-04-08 13:23:45,device2,172.16.0.1,5,0,1,568,7,458,0,0,3890,0,40,3929,633744,0,4540,0,638286,0,20,4429,40,0,40,40,0,40,701011461,482832,8,0,7016801,90944,0,0,34325651,315237,0,0,966024867,541010,0,0,24920995,152355,0,0,185282654,313546,0,0,0,0,0,0,0,0,0,0
2026-04-08 13:23:45,device3,10.0.0.1,4,0,1,152,1,145,0,0,4272,0,40,5251,571642,0,4507,0,576156,0,20,5451,40,0,40,44,0,44,622094939,540782,0,0,34350063,315555,0,0,5040088,78931,0,0,929322497,412099,0,0,27606061,231041,0,0,37639216,125229,0,0,0,0,0,0,0,0,0,0
2026-04-08 13:23:45,device4,192.168.10.10,327,1,1,134872,113,71270,0,23,8173,0,72,8324,0,0,143312,0,143312,0,20,79809,193,0,193,191,0,191,591351421,411440,0,0,5049168,79052,0,0,0,0,0,0,0,0,0,0,0,0,0,0,0,0,0,0,0,0,0,0,0,0,0,0
2026-04-08 13:23:45,device5,192.168.20.10,22913,730,295,111983,16316,137056,0,86739,7973,0,66,8074,0,0,120171,0,120171,0,20,231989,121,0,121,119,0,119,30012754,124993,0,0,27650567,231481,0,0,0,0,0,0,0,0,0,0,0,0,0,0,0,0,0,0,0,0,0,0,0,0,0,0
2026-04-08 13:24:00,device1,172.16.0.80,1425,662,1007,229996,2340,118059,18142,6165,5782,0,40,6535,0,0,228014,0,228014,0,20,119132,40,0,40,40,0,40,27244269,225578,0,0,22399383,119338,0,0,0,0,0,0,0,0,0,0,0,0,0,0,0,0,0,0,0,0,0,0,0,0,0,0
2026-04-08 13:24:00,device2,172.16.0.1,5,0,1,568,7,458,0,0,3949,0,40,3988,637947,0,4598,0,642547,0,20,4487,40,0,40,40,0,40,701011521,482833,8,0,7017319,90951,0,0,34548964,317088,0,0,966129127,541823,0,0,25091584,153282,0,0,185511197,315457,0,0,0,0,0,0,0,0,0,0
2026-04-08 13:24:00,device3,10.0.0.1,4,0,1,152,1,145,0,0,4336,0,40,5315,575683,0,4572,0,580262,0,20,5516,40,0,40,44,0,44,622200901,541620,0,0,34572574,319368,0,0,5050316,79049,0,0,929332683,412218,0,0,27812721,232715,0,0,37729692,125887,0,0,0,0,0,0,0,0,0,0
2026-04-08 13:24:00,device4,192.168.10.10,327,1,1,134872,113,71270,0,23,8230,0,72,8381,0,0,143369,0,143369,0,20,79867,193,0,193,191,0,191,591361529,411558,0,0,5059396,79170,0,0,0,0,0,0,0,0,0,0,0,0,0,0,0,0,0,0,0,0,0,0,0,0,0,0
2026-04-08 13:24:00,device5,192.168.20.10,23010,760,295,113184,16316,138394,0,87434,8031,0,66,8132,0,0,121406,0,121406,0,20,234081,121,0,121,119,0,119,30413853,127047,0,0,28037518,235466,0,0,0,0,0,0,0,0,0,0,0,0,0,0,0,0,0,0,0,0,0,0,0,0,0,0
2026-04-08 13:24:15,device1,172.16.0.80,1443,85,1021,233864,2374,120698,18342,6486,5846,0,40,6600,0,0,231833,0,231833,0,20,121959,40,0,40,40,0,40,27558400,229740,0,0,23222934,122540,0,0,0,0,0,0,0,0,0,0,0,0,0,0,0,0,0,0,0,0,0,0,0,0,0,0
2026-04-08 13:24:15,device2,172.16.0.1,5,0,1,568,7,458,0,0,4007,0,40,4046,645295,0,4657,0,649954,0,20,4545,40,0,40,40,0,40,701202435,483014,9,0,7033562,91073,0,0,34943494,322047,0,0,967342759,545759,0,0,25960694,157147,0,0,185893764,320346,0,0,0,0,0,0,0,0,0,0
2026-04-08 13:24:15,device3,10.0.0.1,4,0,1,152,1,145,0,0,4401,0,40,5385,582833,0,4637,0,587477,0,20,5586,40,0,40,44,0,44,623216849,545538,0,0,34998726,322383,0,0,5072412,79248,0,0,929525818,412463,0,0,28179154,237415,0,0,38745026,129498,0,0,0,0,0,0,0,0,0,0
2026-04-08 13:24:15,device4,192.168.10.10,332,0,1,134958,113,71352,0,24,8355,0,72,8506,0,0,143581,0,143581,0,20,80075,193,0,193,191,0,191,591495404,411801,0,0,5076438,79369,0,0,0,0,0,0,0,0,0,0,0,0,0,0,0,0,0,0,0,0,0,0,0,0,0,0
2026-04-08 13:24:15,device5,192.168.20.10,23107,88,308,115932,18481,141690,0,87908,8151,0,66,8252,0,0,124273,0,124273,0,20,237970,121,0,121,119,0,119,30991777,129297,0,0,28205415,237686,0,0,0,0,0,0,0,0,0,0,0,0,0,0,0,0,0,0,0,0,0,0,0,0,0,0
2026-04-08 13:24:30,device1,172.16.0.80,1451,188,1028,234472,2381,121174,18491,6501,5910,0,40,6664,0,0,232452,0,232452,0,20,122448,40,0,40,40,0,40,27622043,230342,0,0,23317807,123026,0,0,0,0,0,0,0,0,0,0,0,0,0,0,0,0,0,0,0,0,0,0,0,0,0,0
2026-04-08 13:24:30,device2,172.16.0.1,5,0,1,568,7,458,0,0,4065,0,40,4104,646863,0,4715,0,651580,0,20,4604,40,0,40,40,0,40,701202435,483014,9,0,7034006,91079,0,0,35027790,322883,0,0,967477163,546463,0,0,26090383,157935,0,0,185983229,321241,0,0,0,0,0,0,0,0,0,0
2026-04-08 13:24:30,device3,10.0.0.1,4,0,1,152,1,145,0,0,4465,0,40,5449,584256,0,4700,0,588963,0,20,5649,40,0,40,44,0,44,623326031,546233,0,0,35052271,323211,0,0,5077526,79365,0,0,929535944,412581,0,0,28247067,238061,0,0,38861890,130013,0,0,0,0,0,0,0,0,0,0
2026-04-08 13:24:30,device4,192.168.10.10,332,0,1,134958,113,71352,0,24,8471,0,72,8622,0,0,143696,0,143696,0,20,80191,193,0,193,191,0,191,591500458,411860,0,0,5081552,79428,0,0,0,0,0,0,0,0,0,0,0,0,0,0,0,0,0,0,0,0,0,0,0,0,0,0
2026-04-08 13:24:30,device5,192.168.20.10,23251,192,308,116346,18481,142251,0,87908,8264,0,66,8365,0,0,124800,0,124800,0,20,238645,121,0,121,119,0,119,31074662,129753,0,0,28266419,238270,0,0,0,0,0,0,0,0,0,0,0,0,0,0,0,0,0,0,0,0,0,0,0,0,0,0
2026-04-08 13:24:46,device1,172.16.0.80,1453,263,1028,235440,2381,121959,18689,6518,5974,0,40,6730,0,0,233482,0,233482,0,20,123302,40,0,40,40,0,40,27716690,231309,0,0,23469897,123838,0,0,0,0,0,0,0,0,0,0,0,0,0,0,0,0,0,0,0,0,0,0,0,0,0,0
2026-04-08 13:24:46,device2,172.16.0.1,5,0,1,568,7,458,0,0,4124,0,40,4163,649225,0,4774,0,654001,0,20,4663,40,0,40,40,0,40,701202495,483015,9,0,7034598,91087,0,0,35141316,324058,0,0,967633697,547460,0,0,26250955,159017,0,0,186101958,322476,0,0,0,0,0,0,0,0,0,0
2026-04-08 13:24:46,device3,10.0.0.1,4,0,1,152,1,145,0,0,4530,0,40,5514,586454,0,4766,0,591227,0,20,5715,40,0,40,44,0,44,623505227,547395,0,0,35185850,324591,0,0,5087634,79481,0,0,929546088,412699,0,0,28364690,239258,0,0,39043027,131213,0,0,0,0,0,0,0,0,0,0
2026-04-08 13:24:46,device4,192.168.10.10,332,0,1,134958,113,71352,0,24,8587,0,72,8738,0,0,143811,0,143811,0,20,80306,193,0,193,191,0,191,591515440,412034,0,0,5096714,79602,0,0,0,0,0,0,0,0,0,0,0,0,0,0,0,0,0,0,0,0,0,0,0,0,0,0
2026-04-08 13:24:46,device5,192.168.20.10,23448,264,308,117112,18493,143214,0,87908,8379,0,66,8480,0,0,125682,0,125682,0,20,239725,121,0,121,119,0,119,31269060,130890,0,0,28398455,239631,0,0,0,0,0,0,0,0,0,0,0,0,0,0,0,0,0,0,0,0,0,0,0,0,0,0
2026-04-08 13:25:01,device1,172.16.0.80,1454,323,1028,236545,2381,122916,18850,6525,6040,0,40,6802,0,0,234652,0,234652,0,20,124326,40,0,40,40,0,40,27831111,232500,0,0,23630499,124892,0,0,0,0,0,0,0,0,0,0,0,0,0,0,0,0,0,0,0,0,0,0,0,0,0,0
2026-04-08 13:25:01,device2,172.16.0.1,5,0,1,568,7,458,0,0,4181,0,40,4220,651877,0,4832,0,656711,0,20,4721,40,0,40,40,0,40,701202619,483017,9,0,7034806,91090,0,0,35279157,325524,0,0,967850002,548778,0,0,26456104,160410,0,0,186244942,324001,0,0,0,0,0,0,0,0,0,0
2026-04-08 13:25:01,device3,10.0.0.1,4,0,1,152,1,145,0,0,4595,0,40,5579,588965,0,4830,0,593802,0,20,5779,40,0,40,44,0,44,623675248,548653,0,0,35319890,326001,0,0,5097862,79599,0,0,929556352,412819,0,0,28482711,240484,0,0,39214929,132074,0,0,0,0,0,0,0,0,0,0
2026-04-08 13:25:01,device4,192.168.10.10,332,0,1,134958,113,71352,0,24,8703,0,72,8854,0,0,143926,0,143926,0,20,80421,193,0,193,191,0,191,591627432,412239,0,0,5111351,79777,0,0,0,0,0,0,0,0,0,0,0,0,0,0,0,0,0,0,0,0,0,0,0,0,0,0
2026-04-08 13:25:01,device5,192.168.20.10,23610,323,308,118059,18505,144323,0,87908,8497,0,66,8598,0,0,126749,0,126749,0,20,240950,121,0,121,119,0,119,31447144,131993,0,0,28515147,240866,0,0,0,0,0,0,0,0,0,0,0,0,0,0,0,0,0,0,0,0,0,0,0,0,0,0
2026-04-08 13:25:17,device1,172.16.0.80,1458,338,1028,237432,2383,123668,19003,6542,6104,0,40,6866,0,0,235604,0,235604,0,20,125143,40,0,40,40,0,40,27911105,233341,0,0,23757031,125611,0,0,0,0,0,0,0,0,0,0,0,0,0,0,0,0,0,0,0,0,0,0,0,0,0,0
2026-04-08 13:25:17,device2,172.16.0.1,5,0,1,568,7,458,0,0,4241,0,40,4280,654390,0,4891,0,659283,0,20,4780,40,0,40,40,0,40,701447689,483227,9,0,7066733,91236,0,0,35430013,326942,0,0,968418224,550096,0,0,26654731,161598,0,0,186369041,325332,0,0,0,0,0,0,0,0,0,0
2026-04-08 13:25:17,device3,10.0.0.1,4,0,1,152,1,145,0,0,4659,0,40,5659,591310,0,4902,0,596219,0,20,5860,40,0,40,44,0,44,624084128,549839,0,0,35453536,327254,0,0,5115517,79824,0,0,929897515,413118,0,0,28570575,241430,0,0,39404044,132898,0,0,0,0,0,0,0,0,0,0
2026-04-08 13:25:17,device4,192.168.10.10,336,1,1,135068,115,71461,0,24,8821,0,72,8972,0,0,144156,0,144156,0,20,80650,193,0,193,191,0,191,591762953,412482,0,0,5124597,79945,0,0,0,0,0,0,0,0,0,0,0,0,0,0,0,0,0,0,0,0,0,0,0,0,0,0
2026-04-08 13:25:17,device5,192.168.20.10,23762,334,308,118811,18524,145224,0,87908,8614,0,66,8715,0,0,127623,0,127623,0,20,241969,121,0,121,119,0,119,31584042,132741,0,0,28597764,241742,0,0,0,0,0,0,0,0,0,0,0,0,0,0,0,0,0,0,0,0,0,0,0,0,0,0
2026-04-08 13:25:32,device1,172.16.0.80,1460,324,1028,238035,2383,124207,19094,6554,6172,0,40,6934,0,0,236274,0,236274,0,20,125734,40,0,40,40,0,40,27978368,234101,0,0,23942087,126314,0,0,0,0,0,0,0,0,0,0,0,0,0,0,0,0,0,0,0,0,0,0,0,0,0,0
2026-04-08 13:25:32,device2,172.16.0.1,5,0,1,568,7,458,0,0,4299,0,40,4338,656107,0,4949,0,661058,0,20,4838,40,0,40,40,0,40,701447689,483227,9,0,7066733,91236,0,0,35511303,327858,0,0,968636851,550944,0,0,26841732,162874,0,0,186455414,326306,0,0,0,0,0,0,0,0,0,0
2026-04-08 13:25:32,device3,10.0.0.1,4,0,1,152,1,145,0,0,4723,0,40,5723,592883,0,4964,0,597854,0,20,5924,40,0,40,44,0,44,624266453,550714,0,0,35537751,328202,0,0,5125949,79945,0,0,929927927,413246,0,0,28638570,242191,0,0,39591270,133739,0,0,0,0,0,0,0,0,0,0
2026-04-08 13:25:32,device4,192.168.10.10,336,0,1,135071,115,71465,0,24,8939,0,72,9090,0,0,144283,0,144283,0,20,80772,193,0,193,191,0,191,591785371,412586,0,0,5135965,80077,0,0,0,0,0,0,0,0,0,0,0,0,0,0,0,0,0,0,0,0,0,0,0,0,0,0
2026-04-08 13:25:32,device5,192.168.20.10,23853,320,308,119317,18542,145821,0,87908,8731,0,66,8832,0,0,128240,0,128240,0,20,242681,121,0,121,119,0,119,31738002,133435,0,0,28668834,242523,0,0,0,0,0,0,0,0,0,0,0,0,0,0,0,0,0,0,0,0,0,0,0,0,0,0
2026-04-08 13:25:47,device1,172.16.0.80,1461,397,1028,239297,2383,125304,19276,6565,6235,0,40,7005,0,0,237599,0,237599,0,20,126897,40,0,40,40,0,40,28099115,235350,0,0,24110061,127430,0,0,0,0,0,0,0,0,0,0,0,0,0,0,0,0,0,0,0,0,0,0,0,0,0,0
2026-04-08 13:25:47,device2,172.16.0.1,5,0,1,568,7,458,0,0,4358,0,40,4397,659059,0,5008,0,664069,0,20,4897,40,0,40,40,0,40,701447689,483227,9,0,7066733,91236,0,0,35659657,329413,0,0,968854054,552334,0,0,27042254,163985,0,0,186608881,327919,0,0,0,0,0,0,0,0,0,0
2026-04-08 13:25:47,device3,10.0.0.1,4,0,1,152,1,145,0,0,4785,0,40,5785,595707,0,5020,0,600734,0,20,5985,40,0,40,44,0,44,624459522,552090,0,0,35683915,329738,0,0,5135884,80059,0,0,929937823,413361,0,0,28769316,243550,0,0,39792456,134786,0,0,0,0,0,0,0,0,0,0
2026-04-08 13:25:47,device4,192.168.10.10,336,0,1,135071,115,71465,0,24,9052,0,72,9203,0,0,144390,0,144390,0,20,80885,193,0,193,191,0,191,591794339,412690,0,0,5145034,80181,0,0,0,0,0,0,0,0,0,0,0,0,0,0,0,0,0,0,0,0,0,0,0,0,0,0
2026-04-08 13:25:47,device5,192.168.20.10,24037,390,308,120414,18558,147100,0,87908,8847,0,66,8948,0,0,129450,0,129450,0,20,244079,121,0,121,119,0,119,31905284,134550,0,0,28787969,243771,0,0,0,0,0,0,0,0,0,0,0,0,0,0,0,0,0,0,0,0,0,0,0,0,0,0
2026-04-08 13:26:02,device1,172.16.0.80,1463,447,1028,240137,2383,126003,19439,6574,6304,0,40,7074,0,0,238509,0,238509,0,20,127653,40,0,40,40,0,40,28187019,236281,0,0,24290385,128241,0,0,0,0,0,0,0,0,0,0,0,0,0,0,0,0,0,0,0,0,0,0,0,0,0,0
2026-04-08 13:26:02,device2,172.16.0.1,5,0,1,568,7,458,0,0,4417,0,40,4456,661363,0,5067,0,666432,0,20,4956,40,0,40,40,0,40,701448927,483240,9,0,7104507,91283,0,0,35804175,330594,0,0,969065526,553342,0,0,27228339,165055,0,0,186721078,329116,0,0,0,0,0,0,0,0,0,0
2026-04-08 13:26:02,device3,10.0.0.1,4,0,1,152,1,145,0,0,4848,0,40,5874,597836,0,5085,0,602928,0,20,6076,40,0,40,44,0,44,624651534,553090,0,0,35790327,330874,0,0,5146052,80176,0,0,929948027,413480,0,0,28859739,244502,0,0,40005200,135606,0,0,0,0,0,0,0,0,0,0
2026-04-08 13:26:02,device4,192.168.10.10,340,4,1,135089,115,71487,0,24,9173,0,72,9324,0,0,144529,0,144529,0,20,81028,193,0,193,191,0,191,592031678,412987,0,0,5162209,80398,0,0,0,0,0,0,0,0,0,0,0,0,0,0,0,0,0,0,0,0,0,0,0,0,0,0
2026-04-08 13:26:02,device5,192.168.20.10,24199,442,308,121137,18582,147984,0,87908,8967,0,66,9068,0,0,130303,0,130303,0,20,245086,121,0,121,119,0,119,32207648,135461,0,0,28882556,244773,0,0,0,0,0,0,0,0,0,0,0,0,0,0,0,0,0,0,0,0,0,0,0,0,0,0
2026-04-08 13:26:17,device1,172.16.0.80,1467,420,1029,240763,2385,126555,19528,6589,6372,0,40,7142,0,0,239202,0,239202,0,20,128276,40,0,40,40,0,40,28250743,236967,0,0,24399009,128840,0,0,0,0,0,0,0,0,0,0,0,0,0,0,0,0,0,0,0,0,0,0,0,0,0,0
2026-04-08 13:26:17,device2,172.16.0.1,5,0,1,568,7,458,0,0,4475,0,40,4514,663318,0,5125,0,668445,0,20,5014,40,0,40,40,0,40,701816948,483526,9,0,7115328,91437,0,0,35896196,331665,0,0,969773530,554471,0,0,27384836,165979,0,0,186807791,330097,0,0,0,0,0,0,0,0,0,0
2026-04-08 13:26:17,device3,10.0.0.1,4,0,1,152,1,145,0,0,4914,0,40,5940,599635,0,5156,0,604798,0,20,6141,40,0,40,44,0,44,625154136,554213,0,0,35920817,331983,0,0,5163287,80394,0,0,930289262,413780,0,0,28930991,245301,0,0,40345506,136366,0,0,0,0,0,0,0,0,0,0
2026-04-08 13:26:17,device4,192.168.10.10,340,1,1,135182,117,71567,0,24,9288,0,72,9439,0,0,144737,0,144737,0,20,81221,193,0,193,191,0,191,592041864,413106,0,0,5172437,80516,0,0,0,0,0,0,0,0,0,0,0,0,0,0,0,0,0,0,0,0,0,0,0,0,0,0
2026-04-08 13:26:17,device5,192.168.20.10,24289,413,308,121679,18594,148614,0,87908,9083,0,66,9184,0,0,130951,0,130951,0,20,245827,121,0,121,119,0,119,32384310,136345,0,0,28974664,245786,0,0,0,0,0,0,0,0,0,0,0,0,0,0,0,0,0,0,0,0,0,0,0,0,0,0
2026-04-08 13:26:32,device1,172.16.0.80,1468,467,1029,241636,2385,127278,19695,6600,6436,0,40,7212,0,0,240143,0,240143,0,20,129068,40,0,40,40,0,40,28339717,237899,0,0,24554567,129636,0,0,0,0,0,0,0,0,0,0,0,0,0,0,0,0,0,0,0,0,0,0,0,0,0,0
2026-04-08 13:26:32,device2,172.16.0.1,5,0,1,568,7,458,0,0,4533,0,40,4572,665517,0,5183,0,670702,0,20,5072,40,0,40,40,0,40,701817008,483527,9,0,7115994,91446,0,0,36006637,332840,0,0,969971358,555494,0,0,27566580,167088,0,0,186923435,331332,0,0,0,0,0,0,0,0,0,0
2026-04-08 13:26:32,device3,10.0.0.1,4,0,1,152,1,145,0,0,4978,0,40,6004,601775,0,5214,0,607003,0,20,6205,40,0,40,44,0,44,625328584,555240,0,0,36031975,333166,0,0,5173455,80511,0,0,930299466,413899,0,0,29026220,246301,0,0,40527714,137214,0,0,0,0,0,0,0,0,0,0
2026-04-08 13:26:32,device4,192.168.10.10,340,1,1,135182,117,71567,0,24,9405,0,72,9556,0,0,144863,0,144863,0,20,81340,193,0,193,191,0,191,592051912,413223,0,0,5182605,80633,0,0,0,0,0,0,0,0,0,0,0,0,0,0,0,0,0,0,0,0,0,0,0,0,0,0
2026-04-08 13:26:32,device5,192.168.20.10,24455,458,308,122515,18613,149937,0,87908,9199,0,66,9300,0,0,131941,0,131941,0,20,247266,121,0,121,119,0,119,32537122,137468,0,0,29095515,247060,0,0,0,0,0,0,0,0,0,0,0,0,0,0,0,0,0,0,0,0,0,0,0,0,0,0
2026-04-08 13:26:47,device1,172.16.0.80,1469,530,1029,242973,2385,128466,19871,6605,6500,0,40,7282,0,0,241542,0,241542,0,20,130301,40,0,40,40,0,40,28468669,239235,0,0,24739777,130847,0,0,0,0,0,0,0,0,0,0,0,0,0,0,0,0,0,0,0,0,0,0,0,0,0,0
2026-04-08 13:26:47,device2,172.16.0.1,5,0,1,568,7,458,0,0,4591,0,40,4630,668641,0,5241,0,673884,0,20,5130,40,0,40,40,0,40,701817068,483528,9,0,7116438,91452,0,0,36165698,334510,0,0,970233526,556972,0,0,27794562,168642,0,0,187083717,333020,0,0,0,0,0,0,0,0,0,0
2026-04-08 13:26:47,device3,10.0.0.1,4,0,1,152,1,145,0,0,5042,0,40,6068,604650,0,5278,0,609935,0,20,6269,40,0,40,44,0,44,625544530,556691,0,0,36188651,334807,0,0,5183827,80631,0,0,930329740,414025,0,0,29166694,247755,0,0,40748423,138475,0,0,0,0,0,0,0,0,0,0
2026-04-08 13:26:47,device4,192.168.10.10,340,0,1,135185,117,71571,0,24,9519,0,72,9670,0,0,144973,0,144973,0,20,81458,193,0,193,191,0,191,592073420,413348,0,0,5192977,80753,0,0,0,0,0,0,0,0,0,0,0,0,0,0,0,0,0,0,0,0,0,0,0,0,0,0
2026-04-08 13:26:47,device5,192.168.20.10,24629,525,308,123531,18629,150808,0,87949,9306,0,66,9407,0,0,133030,0,133030,0,20,248285,121,0,121,119,0,119,32712109,138295,0,0,29189527,248035,0,0,0,0,0,0,0,0,0,0,0,0,0,0,0,0,0,0,0,0,0,0,0,0,0,0
2026-04-08 13:27:02,device1,172.16.0.80,1471,588,1029,243848,2385,129187,20043,6612,6564,0,40,7346,0,0,242479,0,242479,0,20,131075,40,0,40,40,0,40,28562086,240228,0,0,24928713,131708,0,0,0,0,0,0,0,0,0,0,0,0,0,0,0,0,0,0,0,0,0,0,0,0,0,0
2026-04-08 13:27:02,device2,172.16.0.1,5,0,1,568,7,458,0,0,4649,0,40,4688,670931,0,5299,0,676232,0,20,5188,40,0,40,40,0,40,701834745,483556,9,0,7203836,91540,0,0,36363700,335767,0,0,970454914,558017,0,0,27972613,169733,0,0,187199880,334254,0,0,0,0,0,0,0,0,0,0
2026-04-08 13:27:02,device3,10.0.0.1,4,0,1,152,1,145,0,0,5108,0,40,6195,606739,0,5344,0,612090,0,20,6396,40,0,40,44,0,44,625736675,557747,0,0,36386050,336074,0,0,5193935,80747,0,0,930339884,414143,0,0,29263312,248779,0,0,40954155,139353,0,0,0,0,0,0,0,0,0,0
2026-04-08 13:27:02,device4,192.168.10.10,340,0,1,135185,117,71571,0,24,9637,0,72,9788,0,0,145089,0,145089,0,20,81576,193,0,193,191,0,191,592083408,413464,0,0,5203085,80869,0,0,0,0,0,0,0,0,0,0,0,0,0,0,0,0,0,0,0,0,0,0,0,0,0,0
2026-04-08 13:27:02,device5,192.168.20.10,24822,591,308,124311,18654,151780,0,87949,9426,0,66,9527,0,0,133925,0,133925,0,20,249377,121,0,121,119,0,119,32880493,139105,0,0,29283147,249000,0,0,0,0,0,0,0,0,0,0,0,0,0,0,0,0,0,0,0,0,0,0,0,0,0,0
2026-04-08 13:27:17,device1,172.16.0.80,1473,598,1029,244473,2387,129721,20150,6618,6627,0,40,7420,0,0,243167,0,243167,0,20,131673,40,0,40,40,0,40,28632471,240979,0,0,25054601,132357,0,0,0,0,0,0,0,0,0,0,0,0,0,0,0,0,0,0,0,0,0,0,0,0,0,0
2026-04-08 13:27:17,device2,172.16.0.1,5,0,1,568,7,458,0,0,4707,0,40,4746,672875,0,5362,0,678239,0,20,5246,40,0,40,40,0,40,701984147,483704,9,0,7211861,91642,0,0,36455002,336781,0,0,970845355,558993,0,0,28129644,170643,0,0,187288772,335231,0,0,0,0,0,0,0,0,0,0
2026-04-08 13:27:17,device3,10.0.0.1,4,0,1,152,1,145,0,0,5173,0,40,6260,608524,0,5409,0,613940,0,20,6461,40,0,40,44,0,44,626059027,558783,0,0,36483487,337152,0,0,5211756,80960,0,0,930567052,414408,0,0,29337097,249577,0,0,41143320,140060,0,0,0,0,0,0,0,0,0,0
2026-04-08 13:27:17,device4,192.168.10.10,345,1,1,135285,121,71667,0,24,9761,0,72,9912,0,0,145313,0,145313,0,20,81796,193,0,193,191,0,191,592237824,413670,0,0,5215852,81024,0,0,0,0,0,0,0,0,0,0,0,0,0,0,0,0,0,0,0,0,0,0,0,0,0,0
2026-04-08 13:27:17,device5,192.168.20.10,24909,585,308,124769,18666,152323,0,87949,9542,0,66,9643,0,0,134500,0,134500,0,20,250036,121,0,121,119,0,119,33028708,139887,0,0,29361841,249878,0,0,0,0,0,0,0,0,0,0,0,0,0,0,0,0,0,0,0,0,0,0,0,0,0,0
2026-04-08 13:27:32,device1,172.16.0.80,1475,623,1030,245862,2387,130977,20295,6624,6693,0,40,7487,0,0,244622,0,244622,0,20,132990,40,0,40,40,0,40,28766316,242386,0,0,25226214,133645,0,0,0,0,0,0,0,0,0,0,0,0,0,0,0,0,0,0,0,0,0,0,0,0,0,0
2026-04-08 13:27:32,device2,172.16.0.1,5,0,1,568,7,458,0,0,4765,0,40,4804,676109,0,5415,0,681526,0,20,5304,40,0,40,40,0,40,701984207,483705,9,0,7211935,91643,0,0,36608981,338420,0,0,971038987,560499,0,0,28317476,172218,0,0,187448014,336931,0,0,0,0,0,0,0,0,0,0
2026-04-08 13:27:32,device3,10.0.0.1,4,0,1,152,1,145,0,0,5237,0,40,6324,611623,0,5473,0,617103,0,20,6525,40,0,40,44,0,44,626241561,560296,0,0,36638759,338803,0,0,5221864,81076,0,0,930577196,414526,0,0,29476560,251047,0,0,41320702,141396,0,0,0,0,0,0,0,0,0,0
2026-04-08 13:27:32,device4,192.168.10.10,345,1,1,135285,121,71667,0,24,9877,0,72,10028,0,0,145430,0,145430,0,20,81912,193,0,193,191,0,191,592252806,413844,0,0,5231014,81198,0,0,0,0,0,0,0,0,0,0,0,0,0,0,0,0,0,0,0,0,0,0,0,0,0,0
2026-04-08 13:27:32,device5,192.168.20.10,25054,608,308,126015,18681,153714,0,87949,9658,0,66,9759,0,0,135867,0,135867,0,20,251544,121,0,121,119,0,119,33217208,141250,0,0,29504793,251380,0,0,0,0,0,0,0,0,0,0,0,0,0,0,0,0,0,0,0,0,0,0,0,0,0,0
2026-04-08 13:27:47,device1,172.16.0.80,1477,662,1030,246681,2387,131612,20440,6636,6756,0,40,7550,0,0,245504,0,245504,0,20,133688,40,0,40,40,0,40,28847295,243242,0,0,25373142,134372,0,0,0,0,0,0,0,0,0,0,0,0,0,0,0,0,0,0,0,0,0,0,0,0,0,0
2026-04-08 13:27:47,device2,172.16.0.1,5,0,1,568,7,458,0,0,4825,0,40,4864,678158,0,5478,0,683638,0,20,5364,40,0,40,40,0,40,701984207,483705,9,0,7211935,91643,0,0,36716539,339574,0,0,971229846,561470,0,0,28491379,173263,0,0,187560829,338145,0,0,0,0,0,0,0,0,0,0
2026-04-08 13:27:47,device3,10.0.0.1,4,0,1,152,1,145,0,0,5300,0,40,6387,613530,0,5538,0,619075,0,20,6588,40,0,40,44,0,44,626402668,561227,0,0,36740771,339894,0,0,5231972,81192,0,0,930587262,414643,0,0,29562807,251957,0,0,41489578,142148,0,0,0,0,0,0,0,0,0,0
2026-04-08 13:27:47,device4,192.168.10.10,345,1,1,135285,121,71667,0,24,9993,0,72,10144,0,0,145545,0,145545,0,20,82028,193,0,193,191,0,191,592262794,413960,0,0,5241122,81314,0,0,0,0,0,0,0,0,0,0,0,0,0,0,0,0,0,0,0,0,0,0,0,0,0,0
2026-04-08 13:27:47,device5,192.168.20.10,25221,646,308,126632,18695,154502,0,87986,9774,0,66,9875,0,0,136596,0,136596,0,20,252484,121,0,121,119,0,119,33311866,141772,0,0,29567975,252037,0,0,0,0,0,0,0,0,0,0,0,0,0,0,0,0,0,0,0,0,0,0,0,0,0,0
2026-04-08 13:28:02,device1,172.16.0.80,1478,662,1030,248032,2387,132337,20576,6649,6820,0,40,7618,0,0,246919,0,246919,0,20,134472,40,0,40,40,0,40,28974746,244500,0,0,25523735,135089,0,0,0,0,0,0,0,0,0,0,0,0,0,0,0,0,0,0,0,0,0,0,0,0,0,0
2026-04-08 13:28:02,device2,172.16.0.1,5,0,1,568,7,458,0,0,4884,0,40,4923,680935,0,5541,0,686478,0,20,5423,40,0,40,40,0,40,701984207,483705,9,0,7211935,91643,0,0,36860027,341021,0,0,971440449,562402,0,0,28676381,174270,0,0,187709551,339652,0,0,0,0,0,0,0,0,0,0
2026-04-08 13:28:02,device3,10.0.0.1,4,0,1,152,1,145,0,0,5363,0,40,6473,616140,0,5599,0,621746,0,20,6674,40,0,40,44,0,44,626592009,562222,0,0,36932329,341515,0,0,5242140,81309,0,0,930597536,414763,0,0,29707293,253374,0,0,41695514,142966,0,0,0,0,0,0,0,0,0,0
2026-04-08 13:28:02,device4,192.168.10.10,345,1,1,135285,121,71667,0,24,10109,0,72,10260,0,0,145662,0,145662,0,20,82144,193,0,193,191,0,191,592402434,414181,0,0,5256287,81499,0,0,0,0,0,0,0,0,0,0,0,0,0,0,0,0,0,0,0,0,0,0,0,0,0,0
2026-04-08 13:28:02,device5,192.168.20.10,25385,660,308,127382,18713,155430,0,88461,9894,0,66,9995,0,0,137466,0,137466,0,20,254007,121,0,121,119,0,119,33522663,142678,0,0,29723231,253555,0,0,0,0,0,0,0,0,0,0,0,0,0,0,0,0,0,0,0,0,0,0,0,0,0,0
2026-04-08 13:28:17,device1,172.16.0.80,1482,661,1030,250091,2389,133556,20679,6655,6885,0,40,7687,0,0,249043,0,249043,0,20,135740,40,0,40,40,0,40,29197556,246705,0,0,25746517,136463,0,0,0,0,0,0,0,0,0,0,0,0,0,0,0,0,0,0,0,0,0,0,0,0,0,0
2026-04-08 13:28:17,device2,172.16.0.1,5,0,1,568,7,458,0,0,4942,0,40,4981,685005,0,5592,0,690599,0,20,5481,40,0,40,40,0,40,702303195,483966,9,0,7254557,91825,0,0,37144725,343623,0,0,972172354,564225,0,0,28909290,175903,0,0,187956710,342130,0,0,0,0,0,0,0,0,0,0
2026-04-08 13:28:17,device3,10.0.0.1,4,0,1,152,1,145,0,0,5428,0,40,6538,620067,0,5666,0,625740,0,20,6739,40,0,40,44,0,44,627133936,564022,0,0,37181165,344059,0,0,5260387,81543,0,0,930958961,415072,0,0,29932111,255618,0,0,42056537,144394,0,0,0,0,0,0,0,0,0,0
2026-04-08 13:28:17,device4,192.168.10.10,349,1,1,135398,123,71782,0,26,10229,0,72,10380,0,0,145894,0,145894,0,20,82381,193,0,193,191,0,191,592521821,414385,0,0,5269537,81665,0,0,0,0,0,0,0,0,0,0,0,0,0,0,0,0,0,0,0,0,0,0,0,0,0,0
2026-04-08 13:28:17,device5,192.168.20.10,25536,673,308,128570,18735,156783,0,89156,10010,0,66,10111,0,0,138770,0,138770,0,20,256171,121,0,121,119,0,119,33813157,144222,0,0,29977172,256091,0,0,0,0,0,0,0,0,0,0,0,0,0,0,0,0,0,0,0,0,0,0,0,0,0,0
2026-04-08 13:28:32,device1,172.16.0.80,1483,662,1030,251420,2389,134123,20785,6676,6951,0,40,7755,0,0,250439,0,250439,0,20,136380,40,0,40,40,0,40,29343321,248041,0,0,25872542,137093,0,0,0,0,0,0,0,0,0,0,0,0,0,0,0,0,0,0,0,0,0,0,0,0,0,0
2026-04-08 13:28:32,device2,172.16.0.1,5,0,1,568,7,458,0,0,4998,0,40,5037,687505,0,5648,0,693155,0,20,5537,40,0,40,40,0,40,702303195,483966,9,0,7254705,91827,0,0,37315531,345234,0,0,972319948,565080,0,0,29064984,176849,0,0,188132779,343802,0,0,0,0,0,0,0,0,0,0
2026-04-08 13:28:32,device3,10.0.0.1,4,0,1,152,1,145,0,0,5492,0,40,6602,622416,0,5728,0,628151,0,20,6802,40,0,40,44,0,44,627270974,564885,0,0,37352880,345675,0,0,5270495,81659,0,0,930969105,415248,0,0,30088017,257053,0,0,42189871,145080,0,0,0,0,0,0,0,0,0,0
2026-04-08 13:28:32,device4,192.168.10.10,349,1,1,135398,123,71782,0,26,10344,0,72,10495,0,0,146009,0,146009,0,20,82496,193,0,193,191,0,191,592526815,414443,0,0,5274591,81723,0,0,0,0,0,0,0,0,0,0,0,0,0,0,0,0,0,0,0,0,0,0,0,0,0,0
2026-04-08 13:28:32,device5,192.168.20.10,25665,687,308,129118,18743,157476,0,89795,10126,0,66,10227,0,0,139434,0,139434,0,20,257619,121,0,121,119,0,119,33896129,144719,0,0,30102310,257214,0,0,0,0,0,0,0,0,0,0,0,0,0,0,0,0,0,0,0,0,0,0,0,0,0,0
2026-04-08 13:28:47,device1,172.16.0.80,1485,662,1030,253010,2389,134759,20900,6709,7015,0,40,7821,0,0,252093,0,252093,0,20,137089,40,0,40,40,0,40,29535598,249749,0,0,26044550,137844,0,0,0,0,0,0,0,0,0,0,0,0,0,0,0,0,0,0,0,0,0,0,0,0,0,0
2026-04-08 13:28:47,device2,172.16.0.1,5,0,1,568,7,458,0,0,5060,0,40,5099,690337,0,5710,0,696049,0,20,5599,40,0,40,40,0,40,702303329,483966,10,0,7255329,91835,0,0,37531198,347187,0,0,972460299,566008,0,0,29263253,177894,0,0,188353584,345813,0,0,0,0,0,0,0,0,0,0
2026-04-08 13:28:47,device3,10.0.0.1,4,0,1,152,1,145,0,0,5555,0,40,6665,625071,0,5791,0,630869,0,20,6866,40,0,40,44,0,44,627404645,565807,0,0,37563408,347591,0,0,5280603,81775,0,0,930979171,415307,0,0,30282719,258787,0,0,42313877,145822,0,0,0,0,0,0,0,0,0,0
2026-04-08 13:28:47,device4,192.168.10.10,349,1,1,135398,123,71782,0,26,10461,0,72,10612,0,0,146126,0,146126,0,20,82613,193,0,193,191,0,191,592536803,414559,0,0,5284699,81839,0,0,0,0,0,0,0,0,0,0,0,0,0,0,0,0,0,0,0,0,0,0,0,0,0,0
2026-04-08 13:28:47,device5,192.168.20.10,25820,717,308,129719,18747,158265,0,90591,10242,0,66,10343,0,0,140151,0,140151,0,20,259320,121,0,121,119,0,119,34012193,145444,0,0,30295144,258929,0,0,0,0,0,0,0,0,0,0,0,0,0,0,0,0,0,0,0,0,0,0,0,0,0,0
2026-04-08 13:29:31,device1,172.16.0.80,1510,378,1043,263027,2407,141998,22034,7003,7109,0,40,7929,0,0,262105,0,262105,0,20,144433,40,0,40,40,0,40,30529602,259862,0,0,27773996,145351,0,0,0,0,0,0,0,0,0,0,0,0,0,0,0,0,0,0,0,0,0,0,0,0,0,0
2026-04-08 13:29:31,device2,172.16.0.1,5,0,1,568,7,458,0,0,5118,0,40,5157,714485,0,5768,0,720255,0,20,5657,40,0,40,40,0,40,710899284,489945,10,0,7490495,94755,0,0,38760962,360287,0,0,987092144,579418,0,0,30988678,185594,0,0,189351643,356040,0,0,0,0,0,0,0,0,0,0
2026-04-08 13:29:31,device3,10.0.0.1,4,0,1,152,1,145,0,0,5620,0,40,6771,648875,0,5857,0,654739,0,20,6972,40,0,40,44,0,44,637609818,579257,0,0,38794028,360711,0,0,5459260,84647,0,0,943427358,421193,0,0,31270419,268918,0,0,44575468,153344,0,0,0,0,0,0,0,0,0,0
2026-04-08 13:29:31,device4,192.168.10.10,359,1,1,138510,129,74735,0,26,10592,0,72,10743,0,0,149369,0,149369,0,20,85697,193,0,193,191,0,191,602034586,421286,0,0,5490191,85132,0,0,0,0,0,0,0,0,0,0,0,0,0,0,0,0,0,0,0,0,0,0,0,0,0,0
2026-04-08 13:29:31,device5,192.168.20.10,26903,375,317,136938,20576,167142,0,91779,10366,0,66,10467,0,0,147493,0,147493,0,20,269509,121,0,121,119,0,119,35915460,153128,0,0,31296648,269199,0,0,0,0,0,0,0,0,0,0,0,0,0,0,0,0,0,0,0,0,0,0,0,0,0,0
2026-04-08 13:30:35,device1,172.16.0.80,1513,378,1043,263027,2407,141998,22034,7003,7109,0,40,7929,0,0,262105,0,262105,0,20,144433,40,0,40,40,0,40,30529602,259862,0,0,27773996,145351,0,0,0,0,0,0,0,0,0,0,0,0,0,0,0,0,0,0,0,0,0,0,0,0,0,0
2026-04-08 13:30:35,device2,172.16.0.1,5,0,1,568,7,458,0,0,5118,0,40,5157,714485,0,5768,0,720255,0,20,5657,40,0,40,40,0,40,711790612,490553,10,0,7507115,95032,0,0,38811496,360911,0,0,988476232,580344,0,0,31041588,185972,0,0,189390640,356445,0,0,0,0,0,0,0,0,0,0
2026-04-08 13:30:35,device3,10.0.0.1,4,0,1,152,1,145,0,0,5620,0,40,6771,648875,0,5857,0,654739,0,20,6972,40,0,40,44,0,44,638516588,580160,0,0,38843781,361326,0,0,5480515,84975,0,0,944713348,421837,0,0,31293834,269147,0,0,44618966,153545,0,0,0,0,0,0,0,0,0,0
2026-04-08 13:30:35,device4,192.168.10.10,364,1,1,139406,133,75560,0,26,10775,0,72,10926,0,0,150448,0,150448,0,20,86705,193,0,193,191,0,191,604010518,422786,0,0,5541740,85908,0,0,0,0,0,0,0,0,0,0,0,0,0,0,0,0,0,0,0,0,0,0,0,0,0,0
2026-04-08 13:30:35,device5,192.168.20.10,27193,412,317,138680,20617,169171,0,91786,10544,0,66,10645,0,0,149426,0,149426,0,20,271723,121,0,121,119,0,119,36271667,154989,0,0,31511366,271296,0,0,0,0,0,0,0,0,0,0,0,0,0,0,0,0,0,0,0,0,0,0,0,0,0,0
2026-04-08 13:31:05,device1,172.16.0.80,1513,422,1043,265060,2407,143775,22328,7023,7247,0,40,8071,0,0,264288,0,264288,0,20,146343,40,0,40,40,0,40,30740345,261926,0,0,28114036,147208,0,0,0,0,0,0,0,0,0,0,0,0,0,0,0,0,0,0,0,0,0,0,0,0,0,0
2026-04-08 13:31:05,device2,172.16.0.1,5,0,1,568,7,458,0,0,5234,0,40,5273,721289,0,5883,0,727174,0,20,5772,40,0,40,40,0,40,714102783,492192,10,0,7592486,95849,0,0,39124332,363968,0,0,992330472,583986,0,0,31400205,188070,0,0,189623303,358747,0,0,0,0,0,0,0,0,0,0
2026-04-08 13:31:05,device3,10.0.0.1,4,0,1,152,1,145,0,0,5745,0,40,6921,655364,0,5981,0,661352,0,20,7122,40,0,40,44,0,44,641156138,583785,0,0,39156245,364376,0,0,5537764,85846,0,0,948112122,423552,0,0,31508261,271236,0,0,45031663,155399,0,0,0,0,0,0,0,0,0,0
2026-04-08 13:31:05,device4,192.168.10.10,364,1,1,139406,133,75560,0,26,10775,0,72,10926,0,0,150448,0,150448,0,20,86705,193,0,193,191,0,191,604021146,422911,0,0,5552117,86028,0,0,0,0,0,0,0,0,0,0,0,0,0,0,0,0,0,0,0,0,0,0,0,0,0,0
2026-04-08 13:31:05,device5,192.168.20.10,27193,412,317,138680,20617,169171,0,91786,10544,0,66,10645,0,0,149426,0,149426,0,20,271723,121,0,121,119,0,119,36287381,155187,0,0,31538686,271534,0,0,0,0,0,0,0,0,0,0,0,0,0,0,0,0,0,0,0,0,0,0,0,0,0,0
